{
  "roi_idx": 0,
  "n_subjects": 603,
  "n_timepoints": 9,
  "future_timepoints": [
    0,
    12,
    24,
    36,
    48,
    60,
    72,
    84,
    96
  ],
  "n_total_predictions": 5427,
  "mean_prediction_by_timepoint": {
    "0": 14.750041961669922,
    "12": 14.561769485473633,
    "24": 14.373211860656738,
    "36": 14.184484481811523,
    "48": 13.996174812316895,
    "60": 13.808584213256836,
    "72": 13.620821952819824,
    "84": 13.432624816894531,
    "96": 13.24458122253418
  },
  "mean_uncertainty_by_timepoint": {
    "0": 20.292736053466797,
    "12": 20.29273223876953,
    "24": 20.2927303314209,
    "36": 20.2927303314209,
    "48": 20.29273223876953,
    "60": 20.29273223876953,
    "72": 20.292734146118164,
    "84": 20.292734146118164,
    "96": 20.29273796081543
  }
}