{
  "roi_idx": 0,
  "n_subjects": 603,
  "n_timepoints": 9,
  "future_timepoints": [
    0,
    12,
    24,
    36,
    48,
    60,
    72,
    84,
    96
  ],
  "n_total_predictions": 5427,
  "mean_prediction_by_timepoint": {
    "0": 18.557472229003906,
    "12": 18.655235290527344,
    "24": 18.739543914794922,
    "36": 18.815427780151367,
    "48": 18.905656814575195,
    "60": 19.0078125,
    "72": 19.100130081176758,
    "84": 19.177324295043945,
    "96": 19.244966506958008
  },
  "mean_uncertainty_by_timepoint": {
    "0": 20.398136138916016,
    "12": 20.397310256958008,
    "24": 20.39756965637207,
    "36": 20.397680282592773,
    "48": 20.397659301757812,
    "60": 20.398038864135742,
    "72": 20.39856719970703,
    "84": 20.39887237548828,
    "96": 20.39905548095703
  }
}