{
  "roi_idx": 0,
  "n_subjects": 603,
  "n_timepoints": 9,
  "future_timepoints": [
    0,
    12,
    24,
    36,
    48,
    60,
    72,
    84,
    96
  ],
  "n_total_predictions": 5427,
  "mean_prediction_by_timepoint": {
    "0": 5.356881141662598,
    "12": 5.242347717285156,
    "24": 5.127721309661865,
    "36": 5.0133256912231445,
    "48": 4.899324893951416,
    "60": 4.785665512084961,
    "72": 4.672148704528809,
    "84": 4.55872106552124,
    "96": 4.445263862609863
  },
  "mean_uncertainty_by_timepoint": {
    "0": 21.242595672607422,
    "12": 21.242595672607422,
    "24": 21.242597579956055,
    "36": 21.242599487304688,
    "48": 21.242597579956055,
    "60": 21.242599487304688,
    "72": 21.242599487304688,
    "84": 21.24260139465332,
    "96": 21.24260139465332
  }
}