{
  "roi_idx": 0,
  "n_subjects": 603,
  "n_timepoints": 9,
  "future_timepoints": [
    0,
    12,
    24,
    36,
    48,
    60,
    72,
    84,
    96
  ],
  "n_total_predictions": 5427,
  "mean_prediction_by_timepoint": {
    "0": -10.842546463012695,
    "12": -11.023296356201172,
    "24": -11.200885772705078,
    "36": -11.381200790405273,
    "48": -11.564826011657715,
    "60": -11.75502872467041,
    "72": -11.952818870544434,
    "84": -12.148402214050293,
    "96": -12.338253021240234
  },
  "mean_uncertainty_by_timepoint": {
    "0": 19.718841552734375,
    "12": 19.718809127807617,
    "24": 19.718841552734375,
    "36": 19.718841552734375,
    "48": 19.718856811523438,
    "60": 19.718881607055664,
    "72": 19.71890640258789,
    "84": 19.718944549560547,
    "96": 19.71896743774414
  }
}