{
  "roi_idx": 0,
  "n_subjects": 603,
  "n_timepoints": 9,
  "future_timepoints": [
    0,
    12,
    24,
    36,
    48,
    60,
    72,
    84,
    96
  ],
  "n_total_predictions": 5427,
  "mean_prediction_by_timepoint": {
    "0": -5.908344268798828,
    "12": -6.06427001953125,
    "24": -6.220506191253662,
    "36": -6.376553058624268,
    "48": -6.531951427459717,
    "60": -6.686738967895508,
    "72": -6.841122150421143,
    "84": -6.995421886444092,
    "96": -7.149953365325928
  },
  "mean_uncertainty_by_timepoint": {
    "0": 21.811233520507812,
    "12": 21.811233520507812,
    "24": 21.811233520507812,
    "36": 21.811233520507812,
    "48": 21.811233520507812,
    "60": 21.811233520507812,
    "72": 21.811233520507812,
    "84": 21.811233520507812,
    "96": 21.811233520507812
  }
}